{"resultados":{"vehiculos":{"total":57,"carros":23,"motos":17,"buses":9,"camiones":6,"motoTaxis":3},"mallaVial":{"vias":71,"intersecciones":142,"viasUnSentido":4,"viasDobleSentido":67,"velocidadMinima":1.7463924875440404,"velocidadMaxima":7.1481981698011055,"longitudPromedio":3169.0234507062537,"vehiculosEnInterseccion":{"promedioOrigen":1.457746478873238,"promedioDestino":1.549295774647886,"sinOrigen":0.0,"sinDestino":0.0}},"tiempos":{"simulacion":2184.4000000002225,"realidad":0.10922000000001113},"velocidades":{"minima":40.0,"maxima":80.0,"prodemio":3.552708705801355},"distancias":{"minima":0.0,"maxima":17305.97878198613,"promedio":7411.659530307367},"comparendos":{"cantidad":4,"promedioPorcentajeExceso":16.083333333333336}}}