{"resultados":{"vehiculos":{"total":82,"carros":33,"motos":25,"buses":12,"camiones":8,"motoTaxis":4},"mallaVial":{"vias":71,"intersecciones":142,"viasUnSentido":4,"viasDobleSentido":67,"velocidadMinima":1.8786085764995009,"velocidadMaxima":74.0,"longitudPromedio":3169.0234507062537,"vehiculosEnInterseccion":{"promedioOrigen":2.2746478873239444,"promedioDestino":2.1971830985915477,"sinOrigen":0.0,"sinDestino":0.0}},"tiempos":{"simulacion":2174.5,"realidad":0.0108725},"velocidades":{"minima":40.0,"maxima":80.0,"prodemio":13.99668470672604},"distancias":{"minima":1500.0,"maxima":25086.08536205911,"promedio":10437.100780202505},"comparendos":{"cantidad":6,"promedioPorcentajeExceso":17.159405002137657}}}