{"resultados":{"vehiculos":{"total":51,"carros":20,"motos":15,"buses":8,"camiones":5,"motoTaxis":3},"mallaVial":{"vias":71,"intersecciones":142,"viasUnSentido":4,"viasDobleSentido":67,"velocidadMinima":2.5307318663753473,"velocidadMaxima":63.0,"longitudPromedio":3169.0234507062537,"vehiculosEnInterseccion":{"promedioOrigen":1.3591549295774634,"promedioDestino":1.3028169014084494,"sinOrigen":0.0,"sinDestino":0.0}},"tiempos":{"simulacion":2438.0,"realidad":0.012190000000000001},"velocidades":{"minima":40.0,"maxima":80.0,"prodemio":13.379213805118596},"distancias":{"minima":1500.0,"maxima":22405.978781986134,"promedio":9980.385863258773},"comparendos":{"cantidad":3,"promedioPorcentajeExceso":15.666701567677674}}}