{"resultados":{"vehiculos":{"total":72,"carros":29,"motos":22,"buses":11,"camiones":7,"motoTaxis":4},"mallaVial":{"vias":71,"intersecciones":142,"viasUnSentido":4,"viasDobleSentido":67,"velocidadMinima":4.598584024863829,"velocidadMaxima":19.766596081302847,"longitudPromedio":3169.0234507062537,"vehiculosEnInterseccion":{"promedioOrigen":1.9366197183098577,"promedioDestino":1.9577464788732373,"sinOrigen":0.0,"sinDestino":0.0}},"tiempos":{"simulacion":2237.0,"realidad":0.55925},"velocidades":{"minima":40.0,"maxima":80.0,"prodemio":8.438409467207586},"distancias":{"minima":0.0,"maxima":18402.052395274957,"promedio":8203.054281190429},"comparendos":{"cantidad":9,"promedioPorcentajeExceso":11.071671759979417}}}