{"resultados":{"vehiculos":{"total":51,"carros":20,"motos":15,"buses":8,"camiones":5,"motoTaxis":3},"mallaVial":{"vias":71,"intersecciones":142,"viasUnSentido":4,"viasDobleSentido":67,"velocidadMinima":5.802374552954078,"velocidadMaxima":31.452116108028154,"longitudPromedio":3169.0234507062537,"vehiculosEnInterseccion":{"promedioOrigen":1.3661971830985904,"promedioDestino":1.3380281690140834,"sinOrigen":0.0,"sinDestino":0.0}},"tiempos":{"simulacion":1668.75,"realidad":0.00834375},"velocidades":{"minima":40.0,"maxima":80.0,"prodemio":9.450077164450187},"distancias":{"minima":0.0,"maxima":21316.65382639197,"promedio":7503.747662668207},"comparendos":{"cantidad":3,"promedioPorcentajeExceso":17.88888888888889}}}