{"resultados":{"vehiculos":{"total":91,"carros":36,"motos":27,"buses":14,"camiones":9,"motoTaxis":5},"mallaVial":{"vias":71,"intersecciones":42,"viasUnSentido":4,"viasDobleSentido":67,"velocidadMinima":0.4372344136553137,"velocidadMaxima":76.0,"longitudPromedio":3169.023450706254,"vehiculosEnInterseccion":{"promedioOrigen":2.2380952380952372,"promedioDestino":2.2619047619047614,"sinOrigen":0.0,"sinDestino":0.0}},"tiempos":{"simulacion":2112.800000000206,"realidad":0.10564000000001031},"velocidades":{"minima":40.0,"maxima":80.0,"prodemio":17.500325560323866},"distancias":{"minima":0.0,"maxima":23416.65382639197,"promedio":9591.85244737536}}}