{"resultados":{"vehiculos":{"total":92,"carros":37,"motos":28,"buses":14,"camiones":9,"motoTaxis":5},"mallaVial":{"vias":71,"intersecciones":142,"viasUnSentido":4,"viasDobleSentido":67,"velocidadMinima":1.7608602716639281,"velocidadMaxima":7.311586464634184,"longitudPromedio":3169.0234507062537,"vehiculosEnInterseccion":{"promedioOrigen":2.408450704225352,"promedioDestino":2.401408450704226,"sinOrigen":0.0,"sinDestino":0.0}},"tiempos":{"simulacion":1972.0000000001744,"realidad":0.09860000000000872},"velocidades":{"minima":40.0,"maxima":80.0,"prodemio":3.3006386067114626},"distancias":{"minima":0.0,"maxima":22216.65382639197,"promedio":8197.569305492027}}}