{"resultados":{"vehiculos":{"total":87,"carros":35,"motos":26,"buses":13,"camiones":9,"motoTaxis":4},"mallaVial":{"vias":71,"intersecciones":142,"viasUnSentido":4,"viasDobleSentido":67,"velocidadMinima":1.8293900479471492,"velocidadMaxima":7.858444162895498,"longitudPromedio":3169.0234507062537,"vehiculosEnInterseccion":{"promedioOrigen":2.3169014084507027,"promedioDestino":2.408450704225352,"sinOrigen":0.0,"sinDestino":0.0}},"tiempos":{"simulacion":2232.8000000002335,"realidad":0.11164000000001167},"velocidades":{"minima":40.0,"maxima":80.0,"prodemio":3.4932549639499744},"distancias":{"minima":0.0,"maxima":18916.65382639197,"promedio":8176.3232585739}}}