{"resultados":{"vehiculos":{"total":82,"carros":33,"motos":25,"buses":12,"camiones":8,"motoTaxis":4},"mallaVial":{"vias":71,"intersecciones":42,"viasUnSentido":4,"viasDobleSentido":67,"velocidadMinima":1.8229156990906263,"velocidadMaxima":16.239385594278488,"longitudPromedio":3169.023450706254,"vehiculosEnInterseccion":{"promedioOrigen":2.0238095238095233,"promedioDestino":2.0952380952380953,"sinOrigen":0.0,"sinDestino":0.0}},"tiempos":{"simulacion":2227.200000000232,"realidad":0.11136000000001162},"velocidades":{"minima":40.0,"maxima":80.0,"prodemio":3.5567226044634905},"distancias":{"minima":0.0,"maxima":19902.052395274957,"promedio":8227.148935718275}}}